<?xml version="1.0" encoding="UTF-8"?>
<project-private xmlns="http://www.netbeans.org/ns/project-private/1">
    <editor-bookmarks xmlns="http://www.netbeans.org/ns/editor-bookmarks/2" lastBookmarkId="0"/>
    <open-files xmlns="http://www.netbeans.org/ns/projectui-open-files/2">
        <group>
            <file>file:/C:/Users/Alanb/OneDrive/Escritorio/EmpresaJSP/web/index.jsp</file>
            <file>file:/C:/Users/Alanb/OneDrive/Escritorio/EmpresaJSP/web/alerts/actualizarEmpleado.jsp</file>
            <file>file:/C:/Users/Alanb/OneDrive/Escritorio/EmpresaJSP/web/editarUsuario.jsp</file>
            <file>file:/C:/Users/Alanb/OneDrive/Escritorio/EmpresaJSP/src/java/BD/conexion.java</file>
            <file>file:/C:/Users/Alanb/OneDrive/Escritorio/EmpresaJSP/web/scripts/usuario.js</file>
            <file>file:/C:/Users/Alanb/OneDrive/Escritorio/EmpresaJSP/web/usuarios.jsp</file>
            <file>file:/C:/Users/Alanb/OneDrive/Escritorio/EmpresaJSP/src/java/Controlador/LoginDAO.java</file>
            <file>file:/C:/Users/Alanb/OneDrive/Escritorio/EmpresaJSP/web/empleados.jsp</file>
            <file>file:/C:/Users/Alanb/OneDrive/Escritorio/EmpresaJSP/web/alerts/actualizar.jsp</file>
            <file>file:/C:/Users/Alanb/OneDrive/Escritorio/EmpresaJSP/web/editarEmpleado.jsp</file>
            <file>file:/C:/Users/Alanb/OneDrive/Escritorio/EmpresaJSP/web/alerts/error.jsp</file>
            <file>file:/C:/Users/Alanb/OneDrive/Escritorio/EmpresaJSP/src/java/Servlets/borrarEmpleado.java</file>
            <file>file:/C:/Users/Alanb/OneDrive/Escritorio/EmpresaJSP/src/java/Servlets/borrarUsuario.java</file>
            <file>file:/C:/Users/Alanb/OneDrive/Escritorio/EmpresaJSP/web/indexUsuarios.jsp</file>
            <file>file:/C:/Users/Alanb/OneDrive/Escritorio/EmpresaJSP/src/java/Modelo/Empleado.java</file>
            <file>file:/C:/Users/Alanb/OneDrive/Escritorio/EmpresaJSP/src/java/Modelo/LoginModel.java</file>
            <file>file:/C:/Users/Alanb/OneDrive/Escritorio/EmpresaJSP/src/java/Controlador/Conexion.java</file>
            <file>file:/C:/Users/Alanb/OneDrive/Escritorio/EmpresaJSP/src/java/Servlets/Login.java</file>
            <file>file:/C:/Users/Alanb/OneDrive/Escritorio/EmpresaJSP/web/alerts/registroUsuarios.jsp</file>
            <file>file:/C:/Users/Alanb/OneDrive/Escritorio/EmpresaJSP/src/java/Controlador/AccionesUsuario.java</file>
            <file>file:/C:/Users/Alanb/OneDrive/Escritorio/EmpresaJSP/src/java/Servlets/actualizarUsuario.java</file>
            <file>file:/C:/Users/Alanb/OneDrive/Escritorio/EmpresaJSP/web/scripts/empleado.js</file>
            <file>file:/C:/Users/Alanb/OneDrive/Escritorio/EmpresaJSP/src/java/Servlets/guardarEmpleado.java</file>
            <file>file:/C:/Users/Alanb/OneDrive/Escritorio/EmpresaJSP/src/java/Modelo/Usuario.java</file>
            <file>file:/C:/Users/Alanb/OneDrive/Escritorio/EmpresaJSP/web/indexEmpleados.jsp</file>
            <file>file:/C:/Users/Alanb/OneDrive/Escritorio/EmpresaJSP/src/java/Controlador/AccionesEmpleado.java</file>
            <file>file:/C:/Users/Alanb/OneDrive/Escritorio/EmpresaJSP/src/java/Servlets/guardarUsuario.java</file>
            <file>file:/C:/Users/Alanb/OneDrive/Escritorio/EmpresaJSP/src/java/Servlets/actualizarEmpleado.java</file>
        </group>
    </open-files>
</project-private>
